,correlation,p_value,sample_size
vocal_tone_quality,-0.00801852759549487,0.9385268631168612,95
musical_note_strength,-0.0344469918720925,0.7403412988307005,95
sound_brightness,-0.05580523219288835,0.5911706303540297,95
sound_loudness,-0.07844829743643748,0.4498513741924563,95
tempo,-0.1285979060679712,0.21424078801962765,95
